orig,hum,sca
grid_nagoya_000000000202.tif,hum_label_grid_nagoya_000000000202.tif,sca_label_grid_nagoya_000000000202.tif
grid_nagoya_000000000486.tif,hum_label_grid_nagoya_000000000486.tif,sca_label_grid_nagoya_000000000486.tif
grid_nagoya_000000000541.tif,hum_label_grid_nagoya_000000000541.tif,sca_label_grid_nagoya_000000000541.tif
grid_nagoya_000000000629.tif,hum_label_grid_nagoya_000000000629.tif,sca_label_grid_nagoya_000000000629.tif
grid_nagoya_000000000646.tif,hum_label_grid_nagoya_000000000646.tif,sca_label_grid_nagoya_000000000646.tif
grid_nagoya_000000000617.tif,hum_label_grid_nagoya_000000000617.tif,sca_label_grid_nagoya_000000000617.tif
grid_nagoya_000000000430.tif,hum_label_grid_nagoya_000000000430.tif,sca_label_grid_nagoya_000000000430.tif
grid_nagoya_000000000107.tif,hum_label_grid_nagoya_000000000107.tif,sca_label_grid_nagoya_000000000107.tif
grid_nagoya_000000000692.tif,hum_label_grid_nagoya_000000000692.tif,sca_label_grid_nagoya_000000000692.tif
grid_nagoya_000000000233.tif,hum_label_grid_nagoya_000000000233.tif,sca_label_grid_nagoya_000000000233.tif
grid_nagoya_000000000643.tif,hum_label_grid_nagoya_000000000643.tif,sca_label_grid_nagoya_000000000643.tif
grid_nagoya_000000000291.tif,hum_label_grid_nagoya_000000000291.tif,sca_label_grid_nagoya_000000000291.tif
grid_nagoya_000000000346.tif,hum_label_grid_nagoya_000000000346.tif,sca_label_grid_nagoya_000000000346.tif
grid_nagoya_000000000573.tif,hum_label_grid_nagoya_000000000573.tif,sca_label_grid_nagoya_000000000573.tif
grid_nagoya_000000000614.tif,hum_label_grid_nagoya_000000000614.tif,sca_label_grid_nagoya_000000000614.tif
grid_nagoya_000000000014.tif,hum_label_grid_nagoya_000000000014.tif,sca_label_grid_nagoya_000000000014.tif
grid_nagoya_000000000781.tif,hum_label_grid_nagoya_000000000781.tif,sca_label_grid_nagoya_000000000781.tif
grid_nagoya_000000000177.tif,hum_label_grid_nagoya_000000000177.tif,sca_label_grid_nagoya_000000000177.tif
grid_nagoya_000000000713.tif,hum_label_grid_nagoya_000000000713.tif,sca_label_grid_nagoya_000000000713.tif
grid_nagoya_000000000595.tif,hum_label_grid_nagoya_000000000595.tif,sca_label_grid_nagoya_000000000595.tif
grid_nagoya_000000000792.tif,hum_label_grid_nagoya_000000000792.tif,sca_label_grid_nagoya_000000000792.tif
grid_nagoya_000000000812.tif,hum_label_grid_nagoya_000000000812.tif,sca_label_grid_nagoya_000000000812.tif
grid_nagoya_000000000594.tif,hum_label_grid_nagoya_000000000594.tif,sca_label_grid_nagoya_000000000594.tif
grid_nagoya_000000000262.tif,hum_label_grid_nagoya_000000000262.tif,sca_label_grid_nagoya_000000000262.tif
grid_nagoya_000000000030.tif,hum_label_grid_nagoya_000000000030.tif,sca_label_grid_nagoya_000000000030.tif
grid_nagoya_000000000512.tif,hum_label_grid_nagoya_000000000512.tif,sca_label_grid_nagoya_000000000512.tif
grid_nagoya_000000000095.tif,hum_label_grid_nagoya_000000000095.tif,sca_label_grid_nagoya_000000000095.tif
grid_nagoya_000000000210.tif,hum_label_grid_nagoya_000000000210.tif,sca_label_grid_nagoya_000000000210.tif
grid_nagoya_000000000025.tif,hum_label_grid_nagoya_000000000025.tif,sca_label_grid_nagoya_000000000025.tif
grid_nagoya_000000000386.tif,hum_label_grid_nagoya_000000000386.tif,sca_label_grid_nagoya_000000000386.tif
grid_nagoya_000000000784.tif,hum_label_grid_nagoya_000000000784.tif,sca_label_grid_nagoya_000000000784.tif
grid_nagoya_000000000310.tif,hum_label_grid_nagoya_000000000310.tif,sca_label_grid_nagoya_000000000310.tif
grid_nagoya_000000000771.tif,hum_label_grid_nagoya_000000000771.tif,sca_label_grid_nagoya_000000000771.tif
grid_nagoya_000000000745.tif,hum_label_grid_nagoya_000000000745.tif,sca_label_grid_nagoya_000000000745.tif
grid_nagoya_000000000578.tif,hum_label_grid_nagoya_000000000578.tif,sca_label_grid_nagoya_000000000578.tif
grid_nagoya_000000000306.tif,hum_label_grid_nagoya_000000000306.tif,sca_label_grid_nagoya_000000000306.tif
grid_nagoya_000000000391.tif,hum_label_grid_nagoya_000000000391.tif,sca_label_grid_nagoya_000000000391.tif
grid_nagoya_000000000657.tif,hum_label_grid_nagoya_000000000657.tif,sca_label_grid_nagoya_000000000657.tif
grid_nagoya_000000000536.tif,hum_label_grid_nagoya_000000000536.tif,sca_label_grid_nagoya_000000000536.tif
grid_nagoya_000000000647.tif,hum_label_grid_nagoya_000000000647.tif,sca_label_grid_nagoya_000000000647.tif
grid_nagoya_000000000251.tif,hum_label_grid_nagoya_000000000251.tif,sca_label_grid_nagoya_000000000251.tif
grid_nagoya_000000000224.tif,hum_label_grid_nagoya_000000000224.tif,sca_label_grid_nagoya_000000000224.tif
grid_nagoya_000000000390.tif,hum_label_grid_nagoya_000000000390.tif,sca_label_grid_nagoya_000000000390.tif
grid_nagoya_000000000592.tif,hum_label_grid_nagoya_000000000592.tif,sca_label_grid_nagoya_000000000592.tif
grid_nagoya_000000000108.tif,hum_label_grid_nagoya_000000000108.tif,sca_label_grid_nagoya_000000000108.tif
grid_nagoya_000000000513.tif,hum_label_grid_nagoya_000000000513.tif,sca_label_grid_nagoya_000000000513.tif
grid_nagoya_000000000791.tif,hum_label_grid_nagoya_000000000791.tif,sca_label_grid_nagoya_000000000791.tif
grid_nagoya_000000000695.tif,hum_label_grid_nagoya_000000000695.tif,sca_label_grid_nagoya_000000000695.tif
grid_nagoya_000000000576.tif,hum_label_grid_nagoya_000000000576.tif,sca_label_grid_nagoya_000000000576.tif
grid_nagoya_000000000790.tif,hum_label_grid_nagoya_000000000790.tif,sca_label_grid_nagoya_000000000790.tif
grid_nagoya_000000000530.tif,hum_label_grid_nagoya_000000000530.tif,sca_label_grid_nagoya_000000000530.tif
grid_nagoya_000000000157.tif,hum_label_grid_nagoya_000000000157.tif,sca_label_grid_nagoya_000000000157.tif
grid_nagoya_000000000094.tif,hum_label_grid_nagoya_000000000094.tif,sca_label_grid_nagoya_000000000094.tif
grid_nagoya_000000000083.tif,hum_label_grid_nagoya_000000000083.tif,sca_label_grid_nagoya_000000000083.tif
grid_nagoya_000000000408.tif,hum_label_grid_nagoya_000000000408.tif,sca_label_grid_nagoya_000000000408.tif
grid_nagoya_000000000308.tif,hum_label_grid_nagoya_000000000308.tif,sca_label_grid_nagoya_000000000308.tif
grid_nagoya_000000000621.tif,hum_label_grid_nagoya_000000000621.tif,sca_label_grid_nagoya_000000000621.tif
grid_nagoya_000000000164.tif,hum_label_grid_nagoya_000000000164.tif,sca_label_grid_nagoya_000000000164.tif
grid_nagoya_000000000110.tif,hum_label_grid_nagoya_000000000110.tif,sca_label_grid_nagoya_000000000110.tif
grid_nagoya_000000000458.tif,hum_label_grid_nagoya_000000000458.tif,sca_label_grid_nagoya_000000000458.tif
grid_nagoya_000000000399.tif,hum_label_grid_nagoya_000000000399.tif,sca_label_grid_nagoya_000000000399.tif
grid_nagoya_000000000510.tif,hum_label_grid_nagoya_000000000510.tif,sca_label_grid_nagoya_000000000510.tif
grid_nagoya_000000000671.tif,hum_label_grid_nagoya_000000000671.tif,sca_label_grid_nagoya_000000000671.tif
grid_nagoya_000000000497.tif,hum_label_grid_nagoya_000000000497.tif,sca_label_grid_nagoya_000000000497.tif
grid_nagoya_000000000392.tif,hum_label_grid_nagoya_000000000392.tif,sca_label_grid_nagoya_000000000392.tif
grid_nagoya_000000000656.tif,hum_label_grid_nagoya_000000000656.tif,sca_label_grid_nagoya_000000000656.tif
grid_nagoya_000000000204.tif,hum_label_grid_nagoya_000000000204.tif,sca_label_grid_nagoya_000000000204.tif
grid_nagoya_000000000249.tif,hum_label_grid_nagoya_000000000249.tif,sca_label_grid_nagoya_000000000249.tif
grid_nagoya_000000000148.tif,hum_label_grid_nagoya_000000000148.tif,sca_label_grid_nagoya_000000000148.tif
grid_nagoya_000000000610.tif,hum_label_grid_nagoya_000000000610.tif,sca_label_grid_nagoya_000000000610.tif
grid_nagoya_000000000754.tif,hum_label_grid_nagoya_000000000754.tif,sca_label_grid_nagoya_000000000754.tif
grid_nagoya_000000000524.tif,hum_label_grid_nagoya_000000000524.tif,sca_label_grid_nagoya_000000000524.tif
grid_nagoya_000000000483.tif,hum_label_grid_nagoya_000000000483.tif,sca_label_grid_nagoya_000000000483.tif
grid_nagoya_000000000053.tif,hum_label_grid_nagoya_000000000053.tif,sca_label_grid_nagoya_000000000053.tif
grid_nagoya_000000000599.tif,hum_label_grid_nagoya_000000000599.tif,sca_label_grid_nagoya_000000000599.tif
grid_nagoya_000000000024.tif,hum_label_grid_nagoya_000000000024.tif,sca_label_grid_nagoya_000000000024.tif
grid_nagoya_000000000199.tif,hum_label_grid_nagoya_000000000199.tif,sca_label_grid_nagoya_000000000199.tif
grid_nagoya_000000000717.tif,hum_label_grid_nagoya_000000000717.tif,sca_label_grid_nagoya_000000000717.tif
grid_nagoya_000000000767.tif,hum_label_grid_nagoya_000000000767.tif,sca_label_grid_nagoya_000000000767.tif
grid_nagoya_000000000323.tif,hum_label_grid_nagoya_000000000323.tif,sca_label_grid_nagoya_000000000323.tif
grid_nagoya_000000000603.tif,hum_label_grid_nagoya_000000000603.tif,sca_label_grid_nagoya_000000000603.tif
grid_nagoya_000000000574.tif,hum_label_grid_nagoya_000000000574.tif,sca_label_grid_nagoya_000000000574.tif
grid_nagoya_000000000125.tif,hum_label_grid_nagoya_000000000125.tif,sca_label_grid_nagoya_000000000125.tif
grid_nagoya_000000000596.tif,hum_label_grid_nagoya_000000000596.tif,sca_label_grid_nagoya_000000000596.tif
grid_nagoya_000000000220.tif,hum_label_grid_nagoya_000000000220.tif,sca_label_grid_nagoya_000000000220.tif
grid_nagoya_000000000718.tif,hum_label_grid_nagoya_000000000718.tif,sca_label_grid_nagoya_000000000718.tif
grid_nagoya_000000000293.tif,hum_label_grid_nagoya_000000000293.tif,sca_label_grid_nagoya_000000000293.tif
grid_nagoya_000000000252.tif,hum_label_grid_nagoya_000000000252.tif,sca_label_grid_nagoya_000000000252.tif
grid_nagoya_000000000753.tif,hum_label_grid_nagoya_000000000753.tif,sca_label_grid_nagoya_000000000753.tif
grid_nagoya_000000000121.tif,hum_label_grid_nagoya_000000000121.tif,sca_label_grid_nagoya_000000000121.tif
grid_nagoya_000000000675.tif,hum_label_grid_nagoya_000000000675.tif,sca_label_grid_nagoya_000000000675.tif
grid_nagoya_000000000175.tif,hum_label_grid_nagoya_000000000175.tif,sca_label_grid_nagoya_000000000175.tif
grid_nagoya_000000000762.tif,hum_label_grid_nagoya_000000000762.tif,sca_label_grid_nagoya_000000000762.tif
grid_nagoya_000000000680.tif,hum_label_grid_nagoya_000000000680.tif,sca_label_grid_nagoya_000000000680.tif
grid_nagoya_000000000429.tif,hum_label_grid_nagoya_000000000429.tif,sca_label_grid_nagoya_000000000429.tif
grid_nagoya_000000000563.tif,hum_label_grid_nagoya_000000000563.tif,sca_label_grid_nagoya_000000000563.tif
grid_nagoya_000000000611.tif,hum_label_grid_nagoya_000000000611.tif,sca_label_grid_nagoya_000000000611.tif
grid_nagoya_000000000681.tif,hum_label_grid_nagoya_000000000681.tif,sca_label_grid_nagoya_000000000681.tif
grid_nagoya_000000000669.tif,hum_label_grid_nagoya_000000000669.tif,sca_label_grid_nagoya_000000000669.tif
grid_nagoya_000000000129.tif,hum_label_grid_nagoya_000000000129.tif,sca_label_grid_nagoya_000000000129.tif
grid_nagoya_000000000583.tif,hum_label_grid_nagoya_000000000583.tif,sca_label_grid_nagoya_000000000583.tif
grid_nagoya_000000000021.tif,hum_label_grid_nagoya_000000000021.tif,sca_label_grid_nagoya_000000000021.tif
grid_nagoya_000000000648.tif,hum_label_grid_nagoya_000000000648.tif,sca_label_grid_nagoya_000000000648.tif
grid_nagoya_000000000315.tif,hum_label_grid_nagoya_000000000315.tif,sca_label_grid_nagoya_000000000315.tif
grid_nagoya_000000000688.tif,hum_label_grid_nagoya_000000000688.tif,sca_label_grid_nagoya_000000000688.tif
grid_nagoya_000000000074.tif,hum_label_grid_nagoya_000000000074.tif,sca_label_grid_nagoya_000000000074.tif
grid_nagoya_000000000229.tif,hum_label_grid_nagoya_000000000229.tif,sca_label_grid_nagoya_000000000229.tif
grid_nagoya_000000000743.tif,hum_label_grid_nagoya_000000000743.tif,sca_label_grid_nagoya_000000000743.tif
grid_nagoya_000000000735.tif,hum_label_grid_nagoya_000000000735.tif,sca_label_grid_nagoya_000000000735.tif
grid_nagoya_000000000004.tif,hum_label_grid_nagoya_000000000004.tif,sca_label_grid_nagoya_000000000004.tif
grid_nagoya_000000000615.tif,hum_label_grid_nagoya_000000000615.tif,sca_label_grid_nagoya_000000000615.tif
grid_nagoya_000000000492.tif,hum_label_grid_nagoya_000000000492.tif,sca_label_grid_nagoya_000000000492.tif
grid_nagoya_000000000630.tif,hum_label_grid_nagoya_000000000630.tif,sca_label_grid_nagoya_000000000630.tif
grid_nagoya_000000000358.tif,hum_label_grid_nagoya_000000000358.tif,sca_label_grid_nagoya_000000000358.tif
grid_nagoya_000000000317.tif,hum_label_grid_nagoya_000000000317.tif,sca_label_grid_nagoya_000000000317.tif
grid_nagoya_000000000088.tif,hum_label_grid_nagoya_000000000088.tif,sca_label_grid_nagoya_000000000088.tif
grid_nagoya_000000000764.tif,hum_label_grid_nagoya_000000000764.tif,sca_label_grid_nagoya_000000000764.tif
grid_nagoya_000000000069.tif,hum_label_grid_nagoya_000000000069.tif,sca_label_grid_nagoya_000000000069.tif
grid_nagoya_000000000554.tif,hum_label_grid_nagoya_000000000554.tif,sca_label_grid_nagoya_000000000554.tif
grid_nagoya_000000000426.tif,hum_label_grid_nagoya_000000000426.tif,sca_label_grid_nagoya_000000000426.tif
grid_nagoya_000000000468.tif,hum_label_grid_nagoya_000000000468.tif,sca_label_grid_nagoya_000000000468.tif
grid_nagoya_000000000383.tif,hum_label_grid_nagoya_000000000383.tif,sca_label_grid_nagoya_000000000383.tif
grid_nagoya_000000000808.tif,hum_label_grid_nagoya_000000000808.tif,sca_label_grid_nagoya_000000000808.tif
grid_nagoya_000000000374.tif,hum_label_grid_nagoya_000000000374.tif,sca_label_grid_nagoya_000000000374.tif
grid_nagoya_000000000171.tif,hum_label_grid_nagoya_000000000171.tif,sca_label_grid_nagoya_000000000171.tif
grid_nagoya_000000000460.tif,hum_label_grid_nagoya_000000000460.tif,sca_label_grid_nagoya_000000000460.tif
grid_nagoya_000000000238.tif,hum_label_grid_nagoya_000000000238.tif,sca_label_grid_nagoya_000000000238.tif
grid_nagoya_000000000561.tif,hum_label_grid_nagoya_000000000561.tif,sca_label_grid_nagoya_000000000561.tif
grid_nagoya_000000000206.tif,hum_label_grid_nagoya_000000000206.tif,sca_label_grid_nagoya_000000000206.tif
grid_nagoya_000000000091.tif,hum_label_grid_nagoya_000000000091.tif,sca_label_grid_nagoya_000000000091.tif
grid_nagoya_000000000768.tif,hum_label_grid_nagoya_000000000768.tif,sca_label_grid_nagoya_000000000768.tif
grid_nagoya_000000000639.tif,hum_label_grid_nagoya_000000000639.tif,sca_label_grid_nagoya_000000000639.tif
grid_nagoya_000000000168.tif,hum_label_grid_nagoya_000000000168.tif,sca_label_grid_nagoya_000000000168.tif
grid_nagoya_000000000598.tif,hum_label_grid_nagoya_000000000598.tif,sca_label_grid_nagoya_000000000598.tif
grid_nagoya_000000000496.tif,hum_label_grid_nagoya_000000000496.tif,sca_label_grid_nagoya_000000000496.tif
grid_nagoya_000000000623.tif,hum_label_grid_nagoya_000000000623.tif,sca_label_grid_nagoya_000000000623.tif
grid_nagoya_000000000326.tif,hum_label_grid_nagoya_000000000326.tif,sca_label_grid_nagoya_000000000326.tif
grid_nagoya_000000000796.tif,hum_label_grid_nagoya_000000000796.tif,sca_label_grid_nagoya_000000000796.tif
grid_nagoya_000000000634.tif,hum_label_grid_nagoya_000000000634.tif,sca_label_grid_nagoya_000000000634.tif
grid_nagoya_000000000775.tif,hum_label_grid_nagoya_000000000775.tif,sca_label_grid_nagoya_000000000775.tif
grid_nagoya_000000000645.tif,hum_label_grid_nagoya_000000000645.tif,sca_label_grid_nagoya_000000000645.tif
grid_nagoya_000000000725.tif,hum_label_grid_nagoya_000000000725.tif,sca_label_grid_nagoya_000000000725.tif
grid_nagoya_000000000504.tif,hum_label_grid_nagoya_000000000504.tif,sca_label_grid_nagoya_000000000504.tif
grid_nagoya_000000000360.tif,hum_label_grid_nagoya_000000000360.tif,sca_label_grid_nagoya_000000000360.tif
grid_nagoya_000000000035.tif,hum_label_grid_nagoya_000000000035.tif,sca_label_grid_nagoya_000000000035.tif
grid_nagoya_000000000473.tif,hum_label_grid_nagoya_000000000473.tif,sca_label_grid_nagoya_000000000473.tif
grid_nagoya_000000000560.tif,hum_label_grid_nagoya_000000000560.tif,sca_label_grid_nagoya_000000000560.tif
grid_nagoya_000000000223.tif,hum_label_grid_nagoya_000000000223.tif,sca_label_grid_nagoya_000000000223.tif
grid_nagoya_000000000400.tif,hum_label_grid_nagoya_000000000400.tif,sca_label_grid_nagoya_000000000400.tif
grid_nagoya_000000000010.tif,hum_label_grid_nagoya_000000000010.tif,sca_label_grid_nagoya_000000000010.tif
grid_nagoya_000000000065.tif,hum_label_grid_nagoya_000000000065.tif,sca_label_grid_nagoya_000000000065.tif
grid_nagoya_000000000350.tif,hum_label_grid_nagoya_000000000350.tif,sca_label_grid_nagoya_000000000350.tif
grid_nagoya_000000000730.tif,hum_label_grid_nagoya_000000000730.tif,sca_label_grid_nagoya_000000000730.tif
grid_nagoya_000000000011.tif,hum_label_grid_nagoya_000000000011.tif,sca_label_grid_nagoya_000000000011.tif
grid_nagoya_000000000508.tif,hum_label_grid_nagoya_000000000508.tif,sca_label_grid_nagoya_000000000508.tif
grid_nagoya_000000000347.tif,hum_label_grid_nagoya_000000000347.tif,sca_label_grid_nagoya_000000000347.tif
grid_nagoya_000000000779.tif,hum_label_grid_nagoya_000000000779.tif,sca_label_grid_nagoya_000000000779.tif
grid_nagoya_000000000304.tif,hum_label_grid_nagoya_000000000304.tif,sca_label_grid_nagoya_000000000304.tif
grid_nagoya_000000000055.tif,hum_label_grid_nagoya_000000000055.tif,sca_label_grid_nagoya_000000000055.tif
grid_nagoya_000000000734.tif,hum_label_grid_nagoya_000000000734.tif,sca_label_grid_nagoya_000000000734.tif
grid_nagoya_000000000774.tif,hum_label_grid_nagoya_000000000774.tif,sca_label_grid_nagoya_000000000774.tif
grid_nagoya_000000000181.tif,hum_label_grid_nagoya_000000000181.tif,sca_label_grid_nagoya_000000000181.tif
grid_nagoya_000000000624.tif,hum_label_grid_nagoya_000000000624.tif,sca_label_grid_nagoya_000000000624.tif
grid_nagoya_000000000474.tif,hum_label_grid_nagoya_000000000474.tif,sca_label_grid_nagoya_000000000474.tif
grid_nagoya_000000000455.tif,hum_label_grid_nagoya_000000000455.tif,sca_label_grid_nagoya_000000000455.tif
grid_nagoya_000000000765.tif,hum_label_grid_nagoya_000000000765.tif,sca_label_grid_nagoya_000000000765.tif
grid_nagoya_000000000313.tif,hum_label_grid_nagoya_000000000313.tif,sca_label_grid_nagoya_000000000313.tif
grid_nagoya_000000000461.tif,hum_label_grid_nagoya_000000000461.tif,sca_label_grid_nagoya_000000000461.tif
grid_nagoya_000000000519.tif,hum_label_grid_nagoya_000000000519.tif,sca_label_grid_nagoya_000000000519.tif
grid_nagoya_000000000016.tif,hum_label_grid_nagoya_000000000016.tif,sca_label_grid_nagoya_000000000016.tif
grid_nagoya_000000000203.tif,hum_label_grid_nagoya_000000000203.tif,sca_label_grid_nagoya_000000000203.tif
grid_nagoya_000000000355.tif,hum_label_grid_nagoya_000000000355.tif,sca_label_grid_nagoya_000000000355.tif
grid_nagoya_000000000077.tif,hum_label_grid_nagoya_000000000077.tif,sca_label_grid_nagoya_000000000077.tif
grid_nagoya_000000000022.tif,hum_label_grid_nagoya_000000000022.tif,sca_label_grid_nagoya_000000000022.tif
grid_nagoya_000000000194.tif,hum_label_grid_nagoya_000000000194.tif,sca_label_grid_nagoya_000000000194.tif
grid_nagoya_000000000367.tif,hum_label_grid_nagoya_000000000367.tif,sca_label_grid_nagoya_000000000367.tif
grid_nagoya_000000000335.tif,hum_label_grid_nagoya_000000000335.tif,sca_label_grid_nagoya_000000000335.tif
grid_nagoya_000000000081.tif,hum_label_grid_nagoya_000000000081.tif,sca_label_grid_nagoya_000000000081.tif
grid_nagoya_000000000384.tif,hum_label_grid_nagoya_000000000384.tif,sca_label_grid_nagoya_000000000384.tif
grid_nagoya_000000000710.tif,hum_label_grid_nagoya_000000000710.tif,sca_label_grid_nagoya_000000000710.tif
grid_nagoya_000000000481.tif,hum_label_grid_nagoya_000000000481.tif,sca_label_grid_nagoya_000000000481.tif
grid_nagoya_000000000495.tif,hum_label_grid_nagoya_000000000495.tif,sca_label_grid_nagoya_000000000495.tif
grid_nagoya_000000000152.tif,hum_label_grid_nagoya_000000000152.tif,sca_label_grid_nagoya_000000000152.tif
grid_nagoya_000000000499.tif,hum_label_grid_nagoya_000000000499.tif,sca_label_grid_nagoya_000000000499.tif
grid_nagoya_000000000443.tif,hum_label_grid_nagoya_000000000443.tif,sca_label_grid_nagoya_000000000443.tif
grid_nagoya_000000000699.tif,hum_label_grid_nagoya_000000000699.tif,sca_label_grid_nagoya_000000000699.tif
grid_nagoya_000000000124.tif,hum_label_grid_nagoya_000000000124.tif,sca_label_grid_nagoya_000000000124.tif
grid_nagoya_000000000682.tif,hum_label_grid_nagoya_000000000682.tif,sca_label_grid_nagoya_000000000682.tif
grid_nagoya_000000000704.tif,hum_label_grid_nagoya_000000000704.tif,sca_label_grid_nagoya_000000000704.tif
grid_nagoya_000000000799.tif,hum_label_grid_nagoya_000000000799.tif,sca_label_grid_nagoya_000000000799.tif
grid_nagoya_000000000503.tif,hum_label_grid_nagoya_000000000503.tif,sca_label_grid_nagoya_000000000503.tif
grid_nagoya_000000000568.tif,hum_label_grid_nagoya_000000000568.tif,sca_label_grid_nagoya_000000000568.tif
grid_nagoya_000000000138.tif,hum_label_grid_nagoya_000000000138.tif,sca_label_grid_nagoya_000000000138.tif
grid_nagoya_000000000191.tif,hum_label_grid_nagoya_000000000191.tif,sca_label_grid_nagoya_000000000191.tif
grid_nagoya_000000000752.tif,hum_label_grid_nagoya_000000000752.tif,sca_label_grid_nagoya_000000000752.tif
grid_nagoya_000000000172.tif,hum_label_grid_nagoya_000000000172.tif,sca_label_grid_nagoya_000000000172.tif
grid_nagoya_000000000405.tif,hum_label_grid_nagoya_000000000405.tif,sca_label_grid_nagoya_000000000405.tif
grid_nagoya_000000000466.tif,hum_label_grid_nagoya_000000000466.tif,sca_label_grid_nagoya_000000000466.tif
grid_nagoya_000000000537.tif,hum_label_grid_nagoya_000000000537.tif,sca_label_grid_nagoya_000000000537.tif
grid_nagoya_000000000115.tif,hum_label_grid_nagoya_000000000115.tif,sca_label_grid_nagoya_000000000115.tif
grid_nagoya_000000000122.tif,hum_label_grid_nagoya_000000000122.tif,sca_label_grid_nagoya_000000000122.tif
grid_nagoya_000000000793.tif,hum_label_grid_nagoya_000000000793.tif,sca_label_grid_nagoya_000000000793.tif
grid_nagoya_000000000382.tif,hum_label_grid_nagoya_000000000382.tif,sca_label_grid_nagoya_000000000382.tif
grid_nagoya_000000000800.tif,hum_label_grid_nagoya_000000000800.tif,sca_label_grid_nagoya_000000000800.tif
grid_nagoya_000000000236.tif,hum_label_grid_nagoya_000000000236.tif,sca_label_grid_nagoya_000000000236.tif
grid_nagoya_000000000368.tif,hum_label_grid_nagoya_000000000368.tif,sca_label_grid_nagoya_000000000368.tif
grid_nagoya_000000000564.tif,hum_label_grid_nagoya_000000000564.tif,sca_label_grid_nagoya_000000000564.tif
grid_nagoya_000000000111.tif,hum_label_grid_nagoya_000000000111.tif,sca_label_grid_nagoya_000000000111.tif
grid_nagoya_000000000344.tif,hum_label_grid_nagoya_000000000344.tif,sca_label_grid_nagoya_000000000344.tif
grid_nagoya_000000000760.tif,hum_label_grid_nagoya_000000000760.tif,sca_label_grid_nagoya_000000000760.tif
grid_nagoya_000000000056.tif,hum_label_grid_nagoya_000000000056.tif,sca_label_grid_nagoya_000000000056.tif
grid_nagoya_000000000362.tif,hum_label_grid_nagoya_000000000362.tif,sca_label_grid_nagoya_000000000362.tif
grid_nagoya_000000000288.tif,hum_label_grid_nagoya_000000000288.tif,sca_label_grid_nagoya_000000000288.tif
grid_nagoya_000000000542.tif,hum_label_grid_nagoya_000000000542.tif,sca_label_grid_nagoya_000000000542.tif
grid_nagoya_000000000309.tif,hum_label_grid_nagoya_000000000309.tif,sca_label_grid_nagoya_000000000309.tif
grid_nagoya_000000000728.tif,hum_label_grid_nagoya_000000000728.tif,sca_label_grid_nagoya_000000000728.tif
grid_nagoya_000000000102.tif,hum_label_grid_nagoya_000000000102.tif,sca_label_grid_nagoya_000000000102.tif
grid_nagoya_000000000819.tif,hum_label_grid_nagoya_000000000819.tif,sca_label_grid_nagoya_000000000819.tif
grid_nagoya_000000000627.tif,hum_label_grid_nagoya_000000000627.tif,sca_label_grid_nagoya_000000000627.tif
grid_nagoya_000000000544.tif,hum_label_grid_nagoya_000000000544.tif,sca_label_grid_nagoya_000000000544.tif
grid_nagoya_000000000625.tif,hum_label_grid_nagoya_000000000625.tif,sca_label_grid_nagoya_000000000625.tif
grid_nagoya_000000000325.tif,hum_label_grid_nagoya_000000000325.tif,sca_label_grid_nagoya_000000000325.tif
grid_nagoya_000000000769.tif,hum_label_grid_nagoya_000000000769.tif,sca_label_grid_nagoya_000000000769.tif
grid_nagoya_000000000464.tif,hum_label_grid_nagoya_000000000464.tif,sca_label_grid_nagoya_000000000464.tif
grid_nagoya_000000000290.tif,hum_label_grid_nagoya_000000000290.tif,sca_label_grid_nagoya_000000000290.tif
grid_nagoya_000000000057.tif,hum_label_grid_nagoya_000000000057.tif,sca_label_grid_nagoya_000000000057.tif
grid_nagoya_000000000348.tif,hum_label_grid_nagoya_000000000348.tif,sca_label_grid_nagoya_000000000348.tif
grid_nagoya_000000000316.tif,hum_label_grid_nagoya_000000000316.tif,sca_label_grid_nagoya_000000000316.tif
grid_nagoya_000000000087.tif,hum_label_grid_nagoya_000000000087.tif,sca_label_grid_nagoya_000000000087.tif
grid_nagoya_000000000187.tif,hum_label_grid_nagoya_000000000187.tif,sca_label_grid_nagoya_000000000187.tif
grid_nagoya_000000000005.tif,hum_label_grid_nagoya_000000000005.tif,sca_label_grid_nagoya_000000000005.tif
grid_nagoya_000000000665.tif,hum_label_grid_nagoya_000000000665.tif,sca_label_grid_nagoya_000000000665.tif
grid_nagoya_000000000397.tif,hum_label_grid_nagoya_000000000397.tif,sca_label_grid_nagoya_000000000397.tif
grid_nagoya_000000000698.tif,hum_label_grid_nagoya_000000000698.tif,sca_label_grid_nagoya_000000000698.tif
grid_nagoya_000000000270.tif,hum_label_grid_nagoya_000000000270.tif,sca_label_grid_nagoya_000000000270.tif
grid_nagoya_000000000814.tif,hum_label_grid_nagoya_000000000814.tif,sca_label_grid_nagoya_000000000814.tif
grid_nagoya_000000000500.tif,hum_label_grid_nagoya_000000000500.tif,sca_label_grid_nagoya_000000000500.tif
grid_nagoya_000000000099.tif,hum_label_grid_nagoya_000000000099.tif,sca_label_grid_nagoya_000000000099.tif
grid_nagoya_000000000331.tif,hum_label_grid_nagoya_000000000331.tif,sca_label_grid_nagoya_000000000331.tif
grid_nagoya_000000000732.tif,hum_label_grid_nagoya_000000000732.tif,sca_label_grid_nagoya_000000000732.tif
grid_nagoya_000000000354.tif,hum_label_grid_nagoya_000000000354.tif,sca_label_grid_nagoya_000000000354.tif
grid_nagoya_000000000278.tif,hum_label_grid_nagoya_000000000278.tif,sca_label_grid_nagoya_000000000278.tif
grid_nagoya_000000000240.tif,hum_label_grid_nagoya_000000000240.tif,sca_label_grid_nagoya_000000000240.tif
grid_nagoya_000000000000.tif,hum_label_grid_nagoya_000000000000.tif,sca_label_grid_nagoya_000000000000.tif
grid_nagoya_000000000232.tif,hum_label_grid_nagoya_000000000232.tif,sca_label_grid_nagoya_000000000232.tif
grid_nagoya_000000000213.tif,hum_label_grid_nagoya_000000000213.tif,sca_label_grid_nagoya_000000000213.tif
grid_nagoya_000000000113.tif,hum_label_grid_nagoya_000000000113.tif,sca_label_grid_nagoya_000000000113.tif
grid_nagoya_000000000820.tif,hum_label_grid_nagoya_000000000820.tif,sca_label_grid_nagoya_000000000820.tif
grid_nagoya_000000000696.tif,hum_label_grid_nagoya_000000000696.tif,sca_label_grid_nagoya_000000000696.tif
grid_nagoya_000000000188.tif,hum_label_grid_nagoya_000000000188.tif,sca_label_grid_nagoya_000000000188.tif
grid_nagoya_000000000721.tif,hum_label_grid_nagoya_000000000721.tif,sca_label_grid_nagoya_000000000721.tif
grid_nagoya_000000000076.tif,hum_label_grid_nagoya_000000000076.tif,sca_label_grid_nagoya_000000000076.tif
grid_nagoya_000000000283.tif,hum_label_grid_nagoya_000000000283.tif,sca_label_grid_nagoya_000000000283.tif
grid_nagoya_000000000128.tif,hum_label_grid_nagoya_000000000128.tif,sca_label_grid_nagoya_000000000128.tif
grid_nagoya_000000000406.tif,hum_label_grid_nagoya_000000000406.tif,sca_label_grid_nagoya_000000000406.tif
grid_nagoya_000000000009.tif,hum_label_grid_nagoya_000000000009.tif,sca_label_grid_nagoya_000000000009.tif
grid_nagoya_000000000511.tif,hum_label_grid_nagoya_000000000511.tif,sca_label_grid_nagoya_000000000511.tif
grid_nagoya_000000000655.tif,hum_label_grid_nagoya_000000000655.tif,sca_label_grid_nagoya_000000000655.tif
grid_nagoya_000000000166.tif,hum_label_grid_nagoya_000000000166.tif,sca_label_grid_nagoya_000000000166.tif
grid_nagoya_000000000245.tif,hum_label_grid_nagoya_000000000245.tif,sca_label_grid_nagoya_000000000245.tif
grid_nagoya_000000000452.tif,hum_label_grid_nagoya_000000000452.tif,sca_label_grid_nagoya_000000000452.tif
grid_nagoya_000000000314.tif,hum_label_grid_nagoya_000000000314.tif,sca_label_grid_nagoya_000000000314.tif
grid_nagoya_000000000777.tif,hum_label_grid_nagoya_000000000777.tif,sca_label_grid_nagoya_000000000777.tif
grid_nagoya_000000000231.tif,hum_label_grid_nagoya_000000000231.tif,sca_label_grid_nagoya_000000000231.tif
grid_nagoya_000000000756.tif,hum_label_grid_nagoya_000000000756.tif,sca_label_grid_nagoya_000000000756.tif
grid_nagoya_000000000422.tif,hum_label_grid_nagoya_000000000422.tif,sca_label_grid_nagoya_000000000422.tif
grid_nagoya_000000000337.tif,hum_label_grid_nagoya_000000000337.tif,sca_label_grid_nagoya_000000000337.tif
grid_nagoya_000000000748.tif,hum_label_grid_nagoya_000000000748.tif,sca_label_grid_nagoya_000000000748.tif
grid_nagoya_000000000144.tif,hum_label_grid_nagoya_000000000144.tif,sca_label_grid_nagoya_000000000144.tif
grid_nagoya_000000000320.tif,hum_label_grid_nagoya_000000000320.tif,sca_label_grid_nagoya_000000000320.tif
grid_nagoya_000000000101.tif,hum_label_grid_nagoya_000000000101.tif,sca_label_grid_nagoya_000000000101.tif
grid_nagoya_000000000211.tif,hum_label_grid_nagoya_000000000211.tif,sca_label_grid_nagoya_000000000211.tif
grid_nagoya_000000000749.tif,hum_label_grid_nagoya_000000000749.tif,sca_label_grid_nagoya_000000000749.tif
grid_nagoya_000000000339.tif,hum_label_grid_nagoya_000000000339.tif,sca_label_grid_nagoya_000000000339.tif
grid_nagoya_000000000493.tif,hum_label_grid_nagoya_000000000493.tif,sca_label_grid_nagoya_000000000493.tif
grid_nagoya_000000000003.tif,hum_label_grid_nagoya_000000000003.tif,sca_label_grid_nagoya_000000000003.tif
grid_nagoya_000000000100.tif,hum_label_grid_nagoya_000000000100.tif,sca_label_grid_nagoya_000000000100.tif
grid_nagoya_000000000123.tif,hum_label_grid_nagoya_000000000123.tif,sca_label_grid_nagoya_000000000123.tif
grid_nagoya_000000000587.tif,hum_label_grid_nagoya_000000000587.tif,sca_label_grid_nagoya_000000000587.tif
grid_nagoya_000000000104.tif,hum_label_grid_nagoya_000000000104.tif,sca_label_grid_nagoya_000000000104.tif
grid_nagoya_000000000279.tif,hum_label_grid_nagoya_000000000279.tif,sca_label_grid_nagoya_000000000279.tif
grid_nagoya_000000000216.tif,hum_label_grid_nagoya_000000000216.tif,sca_label_grid_nagoya_000000000216.tif
grid_nagoya_000000000180.tif,hum_label_grid_nagoya_000000000180.tif,sca_label_grid_nagoya_000000000180.tif
grid_nagoya_000000000613.tif,hum_label_grid_nagoya_000000000613.tif,sca_label_grid_nagoya_000000000613.tif
grid_nagoya_000000000516.tif,hum_label_grid_nagoya_000000000516.tif,sca_label_grid_nagoya_000000000516.tif
grid_nagoya_000000000445.tif,hum_label_grid_nagoya_000000000445.tif,sca_label_grid_nagoya_000000000445.tif
grid_nagoya_000000000140.tif,hum_label_grid_nagoya_000000000140.tif,sca_label_grid_nagoya_000000000140.tif
grid_nagoya_000000000287.tif,hum_label_grid_nagoya_000000000287.tif,sca_label_grid_nagoya_000000000287.tif
grid_nagoya_000000000498.tif,hum_label_grid_nagoya_000000000498.tif,sca_label_grid_nagoya_000000000498.tif
grid_nagoya_000000000562.tif,hum_label_grid_nagoya_000000000562.tif,sca_label_grid_nagoya_000000000562.tif
grid_nagoya_000000000044.tif,hum_label_grid_nagoya_000000000044.tif,sca_label_grid_nagoya_000000000044.tif
grid_nagoya_000000000546.tif,hum_label_grid_nagoya_000000000546.tif,sca_label_grid_nagoya_000000000546.tif
grid_nagoya_000000000043.tif,hum_label_grid_nagoya_000000000043.tif,sca_label_grid_nagoya_000000000043.tif
grid_nagoya_000000000702.tif,hum_label_grid_nagoya_000000000702.tif,sca_label_grid_nagoya_000000000702.tif
grid_nagoya_000000000402.tif,hum_label_grid_nagoya_000000000402.tif,sca_label_grid_nagoya_000000000402.tif
grid_nagoya_000000000156.tif,hum_label_grid_nagoya_000000000156.tif,sca_label_grid_nagoya_000000000156.tif
grid_nagoya_000000000117.tif,hum_label_grid_nagoya_000000000117.tif,sca_label_grid_nagoya_000000000117.tif
grid_nagoya_000000000661.tif,hum_label_grid_nagoya_000000000661.tif,sca_label_grid_nagoya_000000000661.tif
grid_nagoya_000000000155.tif,hum_label_grid_nagoya_000000000155.tif,sca_label_grid_nagoya_000000000155.tif
grid_nagoya_000000000018.tif,hum_label_grid_nagoya_000000000018.tif,sca_label_grid_nagoya_000000000018.tif
grid_nagoya_000000000363.tif,hum_label_grid_nagoya_000000000363.tif,sca_label_grid_nagoya_000000000363.tif
grid_nagoya_000000000553.tif,hum_label_grid_nagoya_000000000553.tif,sca_label_grid_nagoya_000000000553.tif
grid_nagoya_000000000427.tif,hum_label_grid_nagoya_000000000427.tif,sca_label_grid_nagoya_000000000427.tif
grid_nagoya_000000000705.tif,hum_label_grid_nagoya_000000000705.tif,sca_label_grid_nagoya_000000000705.tif
grid_nagoya_000000000060.tif,hum_label_grid_nagoya_000000000060.tif,sca_label_grid_nagoya_000000000060.tif
grid_nagoya_000000000489.tif,hum_label_grid_nagoya_000000000489.tif,sca_label_grid_nagoya_000000000489.tif
grid_nagoya_000000000582.tif,hum_label_grid_nagoya_000000000582.tif,sca_label_grid_nagoya_000000000582.tif
grid_nagoya_000000000724.tif,hum_label_grid_nagoya_000000000724.tif,sca_label_grid_nagoya_000000000724.tif
grid_nagoya_000000000737.tif,hum_label_grid_nagoya_000000000737.tif,sca_label_grid_nagoya_000000000737.tif
grid_nagoya_000000000036.tif,hum_label_grid_nagoya_000000000036.tif,sca_label_grid_nagoya_000000000036.tif
grid_nagoya_000000000662.tif,hum_label_grid_nagoya_000000000662.tif,sca_label_grid_nagoya_000000000662.tif
grid_nagoya_000000000805.tif,hum_label_grid_nagoya_000000000805.tif,sca_label_grid_nagoya_000000000805.tif
grid_nagoya_000000000163.tif,hum_label_grid_nagoya_000000000163.tif,sca_label_grid_nagoya_000000000163.tif
grid_nagoya_000000000708.tif,hum_label_grid_nagoya_000000000708.tif,sca_label_grid_nagoya_000000000708.tif
grid_nagoya_000000000106.tif,hum_label_grid_nagoya_000000000106.tif,sca_label_grid_nagoya_000000000106.tif
grid_nagoya_000000000375.tif,hum_label_grid_nagoya_000000000375.tif,sca_label_grid_nagoya_000000000375.tif
grid_nagoya_000000000366.tif,hum_label_grid_nagoya_000000000366.tif,sca_label_grid_nagoya_000000000366.tif
grid_nagoya_000000000246.tif,hum_label_grid_nagoya_000000000246.tif,sca_label_grid_nagoya_000000000246.tif
grid_nagoya_000000000222.tif,hum_label_grid_nagoya_000000000222.tif,sca_label_grid_nagoya_000000000222.tif
grid_nagoya_000000000364.tif,hum_label_grid_nagoya_000000000364.tif,sca_label_grid_nagoya_000000000364.tif
grid_nagoya_000000000227.tif,hum_label_grid_nagoya_000000000227.tif,sca_label_grid_nagoya_000000000227.tif
grid_nagoya_000000000456.tif,hum_label_grid_nagoya_000000000456.tif,sca_label_grid_nagoya_000000000456.tif
grid_nagoya_000000000051.tif,hum_label_grid_nagoya_000000000051.tif,sca_label_grid_nagoya_000000000051.tif
grid_nagoya_000000000738.tif,hum_label_grid_nagoya_000000000738.tif,sca_label_grid_nagoya_000000000738.tif
grid_nagoya_000000000221.tif,hum_label_grid_nagoya_000000000221.tif,sca_label_grid_nagoya_000000000221.tif
grid_nagoya_000000000276.tif,hum_label_grid_nagoya_000000000276.tif,sca_label_grid_nagoya_000000000276.tif
grid_nagoya_000000000059.tif,hum_label_grid_nagoya_000000000059.tif,sca_label_grid_nagoya_000000000059.tif
grid_nagoya_000000000518.tif,hum_label_grid_nagoya_000000000518.tif,sca_label_grid_nagoya_000000000518.tif
grid_nagoya_000000000664.tif,hum_label_grid_nagoya_000000000664.tif,sca_label_grid_nagoya_000000000664.tif
grid_nagoya_000000000256.tif,hum_label_grid_nagoya_000000000256.tif,sca_label_grid_nagoya_000000000256.tif
grid_nagoya_000000000039.tif,hum_label_grid_nagoya_000000000039.tif,sca_label_grid_nagoya_000000000039.tif
grid_nagoya_000000000475.tif,hum_label_grid_nagoya_000000000475.tif,sca_label_grid_nagoya_000000000475.tif
grid_nagoya_000000000697.tif,hum_label_grid_nagoya_000000000697.tif,sca_label_grid_nagoya_000000000697.tif
grid_nagoya_000000000701.tif,hum_label_grid_nagoya_000000000701.tif,sca_label_grid_nagoya_000000000701.tif
grid_nagoya_000000000219.tif,hum_label_grid_nagoya_000000000219.tif,sca_label_grid_nagoya_000000000219.tif
grid_nagoya_000000000040.tif,hum_label_grid_nagoya_000000000040.tif,sca_label_grid_nagoya_000000000040.tif
grid_nagoya_000000000608.tif,hum_label_grid_nagoya_000000000608.tif,sca_label_grid_nagoya_000000000608.tif
grid_nagoya_000000000448.tif,hum_label_grid_nagoya_000000000448.tif,sca_label_grid_nagoya_000000000448.tif
grid_nagoya_000000000569.tif,hum_label_grid_nagoya_000000000569.tif,sca_label_grid_nagoya_000000000569.tif
grid_nagoya_000000000359.tif,hum_label_grid_nagoya_000000000359.tif,sca_label_grid_nagoya_000000000359.tif
grid_nagoya_000000000082.tif,hum_label_grid_nagoya_000000000082.tif,sca_label_grid_nagoya_000000000082.tif
grid_nagoya_000000000543.tif,hum_label_grid_nagoya_000000000543.tif,sca_label_grid_nagoya_000000000543.tif
grid_nagoya_000000000782.tif,hum_label_grid_nagoya_000000000782.tif,sca_label_grid_nagoya_000000000782.tif
grid_nagoya_000000000716.tif,hum_label_grid_nagoya_000000000716.tif,sca_label_grid_nagoya_000000000716.tif
grid_nagoya_000000000484.tif,hum_label_grid_nagoya_000000000484.tif,sca_label_grid_nagoya_000000000484.tif
grid_nagoya_000000000167.tif,hum_label_grid_nagoya_000000000167.tif,sca_label_grid_nagoya_000000000167.tif
grid_nagoya_000000000442.tif,hum_label_grid_nagoya_000000000442.tif,sca_label_grid_nagoya_000000000442.tif
grid_nagoya_000000000729.tif,hum_label_grid_nagoya_000000000729.tif,sca_label_grid_nagoya_000000000729.tif
grid_nagoya_000000000795.tif,hum_label_grid_nagoya_000000000795.tif,sca_label_grid_nagoya_000000000795.tif
grid_nagoya_000000000234.tif,hum_label_grid_nagoya_000000000234.tif,sca_label_grid_nagoya_000000000234.tif
grid_nagoya_000000000552.tif,hum_label_grid_nagoya_000000000552.tif,sca_label_grid_nagoya_000000000552.tif
grid_nagoya_000000000457.tif,hum_label_grid_nagoya_000000000457.tif,sca_label_grid_nagoya_000000000457.tif
grid_nagoya_000000000133.tif,hum_label_grid_nagoya_000000000133.tif,sca_label_grid_nagoya_000000000133.tif
grid_nagoya_000000000396.tif,hum_label_grid_nagoya_000000000396.tif,sca_label_grid_nagoya_000000000396.tif
grid_nagoya_000000000487.tif,hum_label_grid_nagoya_000000000487.tif,sca_label_grid_nagoya_000000000487.tif
grid_nagoya_000000000622.tif,hum_label_grid_nagoya_000000000622.tif,sca_label_grid_nagoya_000000000622.tif
grid_nagoya_000000000522.tif,hum_label_grid_nagoya_000000000522.tif,sca_label_grid_nagoya_000000000522.tif
grid_nagoya_000000000274.tif,hum_label_grid_nagoya_000000000274.tif,sca_label_grid_nagoya_000000000274.tif
grid_nagoya_000000000295.tif,hum_label_grid_nagoya_000000000295.tif,sca_label_grid_nagoya_000000000295.tif
grid_nagoya_000000000150.tif,hum_label_grid_nagoya_000000000150.tif,sca_label_grid_nagoya_000000000150.tif
grid_nagoya_000000000780.tif,hum_label_grid_nagoya_000000000780.tif,sca_label_grid_nagoya_000000000780.tif
grid_nagoya_000000000431.tif,hum_label_grid_nagoya_000000000431.tif,sca_label_grid_nagoya_000000000431.tif
grid_nagoya_000000000046.tif,hum_label_grid_nagoya_000000000046.tif,sca_label_grid_nagoya_000000000046.tif
grid_nagoya_000000000243.tif,hum_label_grid_nagoya_000000000243.tif,sca_label_grid_nagoya_000000000243.tif
grid_nagoya_000000000097.tif,hum_label_grid_nagoya_000000000097.tif,sca_label_grid_nagoya_000000000097.tif
grid_nagoya_000000000807.tif,hum_label_grid_nagoya_000000000807.tif,sca_label_grid_nagoya_000000000807.tif
grid_nagoya_000000000772.tif,hum_label_grid_nagoya_000000000772.tif,sca_label_grid_nagoya_000000000772.tif
grid_nagoya_000000000006.tif,hum_label_grid_nagoya_000000000006.tif,sca_label_grid_nagoya_000000000006.tif
grid_nagoya_000000000423.tif,hum_label_grid_nagoya_000000000423.tif,sca_label_grid_nagoya_000000000423.tif
grid_nagoya_000000000280.tif,hum_label_grid_nagoya_000000000280.tif,sca_label_grid_nagoya_000000000280.tif
grid_nagoya_000000000184.tif,hum_label_grid_nagoya_000000000184.tif,sca_label_grid_nagoya_000000000184.tif
grid_nagoya_000000000509.tif,hum_label_grid_nagoya_000000000509.tif,sca_label_grid_nagoya_000000000509.tif
grid_nagoya_000000000261.tif,hum_label_grid_nagoya_000000000261.tif,sca_label_grid_nagoya_000000000261.tif
grid_nagoya_000000000580.tif,hum_label_grid_nagoya_000000000580.tif,sca_label_grid_nagoya_000000000580.tif
grid_nagoya_000000000616.tif,hum_label_grid_nagoya_000000000616.tif,sca_label_grid_nagoya_000000000616.tif
grid_nagoya_000000000080.tif,hum_label_grid_nagoya_000000000080.tif,sca_label_grid_nagoya_000000000080.tif
grid_nagoya_000000000667.tif,hum_label_grid_nagoya_000000000667.tif,sca_label_grid_nagoya_000000000667.tif
grid_nagoya_000000000545.tif,hum_label_grid_nagoya_000000000545.tif,sca_label_grid_nagoya_000000000545.tif
grid_nagoya_000000000361.tif,hum_label_grid_nagoya_000000000361.tif,sca_label_grid_nagoya_000000000361.tif
grid_nagoya_000000000482.tif,hum_label_grid_nagoya_000000000482.tif,sca_label_grid_nagoya_000000000482.tif
grid_nagoya_000000000089.tif,hum_label_grid_nagoya_000000000089.tif,sca_label_grid_nagoya_000000000089.tif
grid_nagoya_000000000190.tif,hum_label_grid_nagoya_000000000190.tif,sca_label_grid_nagoya_000000000190.tif
grid_nagoya_000000000411.tif,hum_label_grid_nagoya_000000000411.tif,sca_label_grid_nagoya_000000000411.tif
grid_nagoya_000000000395.tif,hum_label_grid_nagoya_000000000395.tif,sca_label_grid_nagoya_000000000395.tif
grid_nagoya_000000000766.tif,hum_label_grid_nagoya_000000000766.tif,sca_label_grid_nagoya_000000000766.tif
grid_nagoya_000000000189.tif,hum_label_grid_nagoya_000000000189.tif,sca_label_grid_nagoya_000000000189.tif
grid_nagoya_000000000096.tif,hum_label_grid_nagoya_000000000096.tif,sca_label_grid_nagoya_000000000096.tif
grid_nagoya_000000000758.tif,hum_label_grid_nagoya_000000000758.tif,sca_label_grid_nagoya_000000000758.tif
grid_nagoya_000000000529.tif,hum_label_grid_nagoya_000000000529.tif,sca_label_grid_nagoya_000000000529.tif
grid_nagoya_000000000480.tif,hum_label_grid_nagoya_000000000480.tif,sca_label_grid_nagoya_000000000480.tif
grid_nagoya_000000000593.tif,hum_label_grid_nagoya_000000000593.tif,sca_label_grid_nagoya_000000000593.tif
grid_nagoya_000000000739.tif,hum_label_grid_nagoya_000000000739.tif,sca_label_grid_nagoya_000000000739.tif
grid_nagoya_000000000020.tif,hum_label_grid_nagoya_000000000020.tif,sca_label_grid_nagoya_000000000020.tif
grid_nagoya_000000000586.tif,hum_label_grid_nagoya_000000000586.tif,sca_label_grid_nagoya_000000000586.tif
grid_nagoya_000000000038.tif,hum_label_grid_nagoya_000000000038.tif,sca_label_grid_nagoya_000000000038.tif
grid_nagoya_000000000324.tif,hum_label_grid_nagoya_000000000324.tif,sca_label_grid_nagoya_000000000324.tif
grid_nagoya_000000000715.tif,hum_label_grid_nagoya_000000000715.tif,sca_label_grid_nagoya_000000000715.tif
grid_nagoya_000000000472.tif,hum_label_grid_nagoya_000000000472.tif,sca_label_grid_nagoya_000000000472.tif
grid_nagoya_000000000437.tif,hum_label_grid_nagoya_000000000437.tif,sca_label_grid_nagoya_000000000437.tif
grid_nagoya_000000000381.tif,hum_label_grid_nagoya_000000000381.tif,sca_label_grid_nagoya_000000000381.tif
grid_nagoya_000000000019.tif,hum_label_grid_nagoya_000000000019.tif,sca_label_grid_nagoya_000000000019.tif
grid_nagoya_000000000404.tif,hum_label_grid_nagoya_000000000404.tif,sca_label_grid_nagoya_000000000404.tif
grid_nagoya_000000000139.tif,hum_label_grid_nagoya_000000000139.tif,sca_label_grid_nagoya_000000000139.tif
grid_nagoya_000000000029.tif,hum_label_grid_nagoya_000000000029.tif,sca_label_grid_nagoya_000000000029.tif
grid_nagoya_000000000567.tif,hum_label_grid_nagoya_000000000567.tif,sca_label_grid_nagoya_000000000567.tif
grid_nagoya_000000000521.tif,hum_label_grid_nagoya_000000000521.tif,sca_label_grid_nagoya_000000000521.tif
grid_nagoya_000000000687.tif,hum_label_grid_nagoya_000000000687.tif,sca_label_grid_nagoya_000000000687.tif
grid_nagoya_000000000023.tif,hum_label_grid_nagoya_000000000023.tif,sca_label_grid_nagoya_000000000023.tif
grid_nagoya_000000000485.tif,hum_label_grid_nagoya_000000000485.tif,sca_label_grid_nagoya_000000000485.tif
grid_nagoya_000000000787.tif,hum_label_grid_nagoya_000000000787.tif,sca_label_grid_nagoya_000000000787.tif
grid_nagoya_000000000303.tif,hum_label_grid_nagoya_000000000303.tif,sca_label_grid_nagoya_000000000303.tif
grid_nagoya_000000000651.tif,hum_label_grid_nagoya_000000000651.tif,sca_label_grid_nagoya_000000000651.tif
grid_nagoya_000000000137.tif,hum_label_grid_nagoya_000000000137.tif,sca_label_grid_nagoya_000000000137.tif
grid_nagoya_000000000378.tif,hum_label_grid_nagoya_000000000378.tif,sca_label_grid_nagoya_000000000378.tif
grid_nagoya_000000000153.tif,hum_label_grid_nagoya_000000000153.tif,sca_label_grid_nagoya_000000000153.tif
grid_nagoya_000000000619.tif,hum_label_grid_nagoya_000000000619.tif,sca_label_grid_nagoya_000000000619.tif
grid_nagoya_000000000369.tif,hum_label_grid_nagoya_000000000369.tif,sca_label_grid_nagoya_000000000369.tif
grid_nagoya_000000000722.tif,hum_label_grid_nagoya_000000000722.tif,sca_label_grid_nagoya_000000000722.tif
grid_nagoya_000000000659.tif,hum_label_grid_nagoya_000000000659.tif,sca_label_grid_nagoya_000000000659.tif
grid_nagoya_000000000296.tif,hum_label_grid_nagoya_000000000296.tif,sca_label_grid_nagoya_000000000296.tif
grid_nagoya_000000000017.tif,hum_label_grid_nagoya_000000000017.tif,sca_label_grid_nagoya_000000000017.tif
grid_nagoya_000000000154.tif,hum_label_grid_nagoya_000000000154.tif,sca_label_grid_nagoya_000000000154.tif
grid_nagoya_000000000289.tif,hum_label_grid_nagoya_000000000289.tif,sca_label_grid_nagoya_000000000289.tif
grid_nagoya_000000000260.tif,hum_label_grid_nagoya_000000000260.tif,sca_label_grid_nagoya_000000000260.tif
grid_nagoya_000000000269.tif,hum_label_grid_nagoya_000000000269.tif,sca_label_grid_nagoya_000000000269.tif
grid_nagoya_000000000581.tif,hum_label_grid_nagoya_000000000581.tif,sca_label_grid_nagoya_000000000581.tif
grid_nagoya_000000000230.tif,hum_label_grid_nagoya_000000000230.tif,sca_label_grid_nagoya_000000000230.tif
grid_nagoya_000000000672.tif,hum_label_grid_nagoya_000000000672.tif,sca_label_grid_nagoya_000000000672.tif
grid_nagoya_000000000092.tif,hum_label_grid_nagoya_000000000092.tif,sca_label_grid_nagoya_000000000092.tif
grid_nagoya_000000000114.tif,hum_label_grid_nagoya_000000000114.tif,sca_label_grid_nagoya_000000000114.tif
grid_nagoya_000000000394.tif,hum_label_grid_nagoya_000000000394.tif,sca_label_grid_nagoya_000000000394.tif
grid_nagoya_000000000810.tif,hum_label_grid_nagoya_000000000810.tif,sca_label_grid_nagoya_000000000810.tif
grid_nagoya_000000000633.tif,hum_label_grid_nagoya_000000000633.tif,sca_label_grid_nagoya_000000000633.tif
grid_nagoya_000000000526.tif,hum_label_grid_nagoya_000000000526.tif,sca_label_grid_nagoya_000000000526.tif
grid_nagoya_000000000263.tif,hum_label_grid_nagoya_000000000263.tif,sca_label_grid_nagoya_000000000263.tif
grid_nagoya_000000000467.tif,hum_label_grid_nagoya_000000000467.tif,sca_label_grid_nagoya_000000000467.tif
grid_nagoya_000000000389.tif,hum_label_grid_nagoya_000000000389.tif,sca_label_grid_nagoya_000000000389.tif
grid_nagoya_000000000052.tif,hum_label_grid_nagoya_000000000052.tif,sca_label_grid_nagoya_000000000052.tif
grid_nagoya_000000000478.tif,hum_label_grid_nagoya_000000000478.tif,sca_label_grid_nagoya_000000000478.tif
grid_nagoya_000000000719.tif,hum_label_grid_nagoya_000000000719.tif,sca_label_grid_nagoya_000000000719.tif
grid_nagoya_000000000421.tif,hum_label_grid_nagoya_000000000421.tif,sca_label_grid_nagoya_000000000421.tif
grid_nagoya_000000000605.tif,hum_label_grid_nagoya_000000000605.tif,sca_label_grid_nagoya_000000000605.tif
grid_nagoya_000000000816.tif,hum_label_grid_nagoya_000000000816.tif,sca_label_grid_nagoya_000000000816.tif
grid_nagoya_000000000565.tif,hum_label_grid_nagoya_000000000565.tif,sca_label_grid_nagoya_000000000565.tif
grid_nagoya_000000000789.tif,hum_label_grid_nagoya_000000000789.tif,sca_label_grid_nagoya_000000000789.tif
grid_nagoya_000000000674.tif,hum_label_grid_nagoya_000000000674.tif,sca_label_grid_nagoya_000000000674.tif
grid_nagoya_000000000759.tif,hum_label_grid_nagoya_000000000759.tif,sca_label_grid_nagoya_000000000759.tif
grid_nagoya_000000000372.tif,hum_label_grid_nagoya_000000000372.tif,sca_label_grid_nagoya_000000000372.tif
grid_nagoya_000000000547.tif,hum_label_grid_nagoya_000000000547.tif,sca_label_grid_nagoya_000000000547.tif
grid_nagoya_000000000414.tif,hum_label_grid_nagoya_000000000414.tif,sca_label_grid_nagoya_000000000414.tif
grid_nagoya_000000000479.tif,hum_label_grid_nagoya_000000000479.tif,sca_label_grid_nagoya_000000000479.tif
grid_nagoya_000000000244.tif,hum_label_grid_nagoya_000000000244.tif,sca_label_grid_nagoya_000000000244.tif
grid_nagoya_000000000602.tif,hum_label_grid_nagoya_000000000602.tif,sca_label_grid_nagoya_000000000602.tif
grid_nagoya_000000000802.tif,hum_label_grid_nagoya_000000000802.tif,sca_label_grid_nagoya_000000000802.tif
grid_nagoya_000000000158.tif,hum_label_grid_nagoya_000000000158.tif,sca_label_grid_nagoya_000000000158.tif
grid_nagoya_000000000763.tif,hum_label_grid_nagoya_000000000763.tif,sca_label_grid_nagoya_000000000763.tif
grid_nagoya_000000000162.tif,hum_label_grid_nagoya_000000000162.tif,sca_label_grid_nagoya_000000000162.tif
grid_nagoya_000000000398.tif,hum_label_grid_nagoya_000000000398.tif,sca_label_grid_nagoya_000000000398.tif
grid_nagoya_000000000585.tif,hum_label_grid_nagoya_000000000585.tif,sca_label_grid_nagoya_000000000585.tif
grid_nagoya_000000000371.tif,hum_label_grid_nagoya_000000000371.tif,sca_label_grid_nagoya_000000000371.tif
grid_nagoya_000000000292.tif,hum_label_grid_nagoya_000000000292.tif,sca_label_grid_nagoya_000000000292.tif
grid_nagoya_000000000401.tif,hum_label_grid_nagoya_000000000401.tif,sca_label_grid_nagoya_000000000401.tif
grid_nagoya_000000000255.tif,hum_label_grid_nagoya_000000000255.tif,sca_label_grid_nagoya_000000000255.tif
grid_nagoya_000000000711.tif,hum_label_grid_nagoya_000000000711.tif,sca_label_grid_nagoya_000000000711.tif
grid_nagoya_000000000720.tif,hum_label_grid_nagoya_000000000720.tif,sca_label_grid_nagoya_000000000720.tif
grid_nagoya_000000000523.tif,hum_label_grid_nagoya_000000000523.tif,sca_label_grid_nagoya_000000000523.tif
grid_nagoya_000000000505.tif,hum_label_grid_nagoya_000000000505.tif,sca_label_grid_nagoya_000000000505.tif
grid_nagoya_000000000723.tif,hum_label_grid_nagoya_000000000723.tif,sca_label_grid_nagoya_000000000723.tif
grid_nagoya_000000000151.tif,hum_label_grid_nagoya_000000000151.tif,sca_label_grid_nagoya_000000000151.tif
grid_nagoya_000000000332.tif,hum_label_grid_nagoya_000000000332.tif,sca_label_grid_nagoya_000000000332.tif
grid_nagoya_000000000670.tif,hum_label_grid_nagoya_000000000670.tif,sca_label_grid_nagoya_000000000670.tif
grid_nagoya_000000000266.tif,hum_label_grid_nagoya_000000000266.tif,sca_label_grid_nagoya_000000000266.tif
grid_nagoya_000000000570.tif,hum_label_grid_nagoya_000000000570.tif,sca_label_grid_nagoya_000000000570.tif
grid_nagoya_000000000557.tif,hum_label_grid_nagoya_000000000557.tif,sca_label_grid_nagoya_000000000557.tif
grid_nagoya_000000000321.tif,hum_label_grid_nagoya_000000000321.tif,sca_label_grid_nagoya_000000000321.tif
grid_nagoya_000000000463.tif,hum_label_grid_nagoya_000000000463.tif,sca_label_grid_nagoya_000000000463.tif
grid_nagoya_000000000067.tif,hum_label_grid_nagoya_000000000067.tif,sca_label_grid_nagoya_000000000067.tif
grid_nagoya_000000000746.tif,hum_label_grid_nagoya_000000000746.tif,sca_label_grid_nagoya_000000000746.tif
grid_nagoya_000000000652.tif,hum_label_grid_nagoya_000000000652.tif,sca_label_grid_nagoya_000000000652.tif
grid_nagoya_000000000491.tif,hum_label_grid_nagoya_000000000491.tif,sca_label_grid_nagoya_000000000491.tif
grid_nagoya_000000000694.tif,hum_label_grid_nagoya_000000000694.tif,sca_label_grid_nagoya_000000000694.tif
grid_nagoya_000000000676.tif,hum_label_grid_nagoya_000000000676.tif,sca_label_grid_nagoya_000000000676.tif
grid_nagoya_000000000170.tif,hum_label_grid_nagoya_000000000170.tif,sca_label_grid_nagoya_000000000170.tif
grid_nagoya_000000000531.tif,hum_label_grid_nagoya_000000000531.tif,sca_label_grid_nagoya_000000000531.tif
grid_nagoya_000000000084.tif,hum_label_grid_nagoya_000000000084.tif,sca_label_grid_nagoya_000000000084.tif
grid_nagoya_000000000712.tif,hum_label_grid_nagoya_000000000712.tif,sca_label_grid_nagoya_000000000712.tif
grid_nagoya_000000000209.tif,hum_label_grid_nagoya_000000000209.tif,sca_label_grid_nagoya_000000000209.tif
grid_nagoya_000000000412.tif,hum_label_grid_nagoya_000000000412.tif,sca_label_grid_nagoya_000000000412.tif
grid_nagoya_000000000186.tif,hum_label_grid_nagoya_000000000186.tif,sca_label_grid_nagoya_000000000186.tif
grid_nagoya_000000000566.tif,hum_label_grid_nagoya_000000000566.tif,sca_label_grid_nagoya_000000000566.tif
grid_nagoya_000000000134.tif,hum_label_grid_nagoya_000000000134.tif,sca_label_grid_nagoya_000000000134.tif
grid_nagoya_000000000540.tif,hum_label_grid_nagoya_000000000540.tif,sca_label_grid_nagoya_000000000540.tif
grid_nagoya_000000000086.tif,hum_label_grid_nagoya_000000000086.tif,sca_label_grid_nagoya_000000000086.tif
grid_nagoya_000000000628.tif,hum_label_grid_nagoya_000000000628.tif,sca_label_grid_nagoya_000000000628.tif
grid_nagoya_000000000549.tif,hum_label_grid_nagoya_000000000549.tif,sca_label_grid_nagoya_000000000549.tif
grid_nagoya_000000000607.tif,hum_label_grid_nagoya_000000000607.tif,sca_label_grid_nagoya_000000000607.tif
grid_nagoya_000000000658.tif,hum_label_grid_nagoya_000000000658.tif,sca_label_grid_nagoya_000000000658.tif
grid_nagoya_000000000340.tif,hum_label_grid_nagoya_000000000340.tif,sca_label_grid_nagoya_000000000340.tif
grid_nagoya_000000000428.tif,hum_label_grid_nagoya_000000000428.tif,sca_label_grid_nagoya_000000000428.tif
grid_nagoya_000000000736.tif,hum_label_grid_nagoya_000000000736.tif,sca_label_grid_nagoya_000000000736.tif
grid_nagoya_000000000438.tif,hum_label_grid_nagoya_000000000438.tif,sca_label_grid_nagoya_000000000438.tif
grid_nagoya_000000000048.tif,hum_label_grid_nagoya_000000000048.tif,sca_label_grid_nagoya_000000000048.tif
grid_nagoya_000000000462.tif,hum_label_grid_nagoya_000000000462.tif,sca_label_grid_nagoya_000000000462.tif
grid_nagoya_000000000653.tif,hum_label_grid_nagoya_000000000653.tif,sca_label_grid_nagoya_000000000653.tif
grid_nagoya_000000000357.tif,hum_label_grid_nagoya_000000000357.tif,sca_label_grid_nagoya_000000000357.tif
grid_nagoya_000000000147.tif,hum_label_grid_nagoya_000000000147.tif,sca_label_grid_nagoya_000000000147.tif
grid_nagoya_000000000641.tif,hum_label_grid_nagoya_000000000641.tif,sca_label_grid_nagoya_000000000641.tif
grid_nagoya_000000000794.tif,hum_label_grid_nagoya_000000000794.tif,sca_label_grid_nagoya_000000000794.tif
grid_nagoya_000000000703.tif,hum_label_grid_nagoya_000000000703.tif,sca_label_grid_nagoya_000000000703.tif
grid_nagoya_000000000033.tif,hum_label_grid_nagoya_000000000033.tif,sca_label_grid_nagoya_000000000033.tif
grid_nagoya_000000000750.tif,hum_label_grid_nagoya_000000000750.tif,sca_label_grid_nagoya_000000000750.tif
grid_nagoya_000000000012.tif,hum_label_grid_nagoya_000000000012.tif,sca_label_grid_nagoya_000000000012.tif
grid_nagoya_000000000034.tif,hum_label_grid_nagoya_000000000034.tif,sca_label_grid_nagoya_000000000034.tif
grid_nagoya_000000000045.tif,hum_label_grid_nagoya_000000000045.tif,sca_label_grid_nagoya_000000000045.tif
grid_nagoya_000000000058.tif,hum_label_grid_nagoya_000000000058.tif,sca_label_grid_nagoya_000000000058.tif
grid_nagoya_000000000747.tif,hum_label_grid_nagoya_000000000747.tif,sca_label_grid_nagoya_000000000747.tif
grid_nagoya_000000000027.tif,hum_label_grid_nagoya_000000000027.tif,sca_label_grid_nagoya_000000000027.tif
grid_nagoya_000000000318.tif,hum_label_grid_nagoya_000000000318.tif,sca_label_grid_nagoya_000000000318.tif
grid_nagoya_000000000726.tif,hum_label_grid_nagoya_000000000726.tif,sca_label_grid_nagoya_000000000726.tif
grid_nagoya_000000000330.tif,hum_label_grid_nagoya_000000000330.tif,sca_label_grid_nagoya_000000000330.tif
grid_nagoya_000000000073.tif,hum_label_grid_nagoya_000000000073.tif,sca_label_grid_nagoya_000000000073.tif
grid_nagoya_000000000338.tif,hum_label_grid_nagoya_000000000338.tif,sca_label_grid_nagoya_000000000338.tif
grid_nagoya_000000000742.tif,hum_label_grid_nagoya_000000000742.tif,sca_label_grid_nagoya_000000000742.tif
grid_nagoya_000000000377.tif,hum_label_grid_nagoya_000000000377.tif,sca_label_grid_nagoya_000000000377.tif
grid_nagoya_000000000282.tif,hum_label_grid_nagoya_000000000282.tif,sca_label_grid_nagoya_000000000282.tif
grid_nagoya_000000000013.tif,hum_label_grid_nagoya_000000000013.tif,sca_label_grid_nagoya_000000000013.tif
grid_nagoya_000000000301.tif,hum_label_grid_nagoya_000000000301.tif,sca_label_grid_nagoya_000000000301.tif
grid_nagoya_000000000706.tif,hum_label_grid_nagoya_000000000706.tif,sca_label_grid_nagoya_000000000706.tif
grid_nagoya_000000000311.tif,hum_label_grid_nagoya_000000000311.tif,sca_label_grid_nagoya_000000000311.tif
grid_nagoya_000000000145.tif,hum_label_grid_nagoya_000000000145.tif,sca_label_grid_nagoya_000000000145.tif
grid_nagoya_000000000635.tif,hum_label_grid_nagoya_000000000635.tif,sca_label_grid_nagoya_000000000635.tif
grid_nagoya_000000000579.tif,hum_label_grid_nagoya_000000000579.tif,sca_label_grid_nagoya_000000000579.tif
grid_nagoya_000000000070.tif,hum_label_grid_nagoya_000000000070.tif,sca_label_grid_nagoya_000000000070.tif
grid_nagoya_000000000693.tif,hum_label_grid_nagoya_000000000693.tif,sca_label_grid_nagoya_000000000693.tif
grid_nagoya_000000000142.tif,hum_label_grid_nagoya_000000000142.tif,sca_label_grid_nagoya_000000000142.tif
grid_nagoya_000000000606.tif,hum_label_grid_nagoya_000000000606.tif,sca_label_grid_nagoya_000000000606.tif
grid_nagoya_000000000420.tif,hum_label_grid_nagoya_000000000420.tif,sca_label_grid_nagoya_000000000420.tif
grid_nagoya_000000000785.tif,hum_label_grid_nagoya_000000000785.tif,sca_label_grid_nagoya_000000000785.tif
grid_nagoya_000000000668.tif,hum_label_grid_nagoya_000000000668.tif,sca_label_grid_nagoya_000000000668.tif
grid_nagoya_000000000349.tif,hum_label_grid_nagoya_000000000349.tif,sca_label_grid_nagoya_000000000349.tif
grid_nagoya_000000000379.tif,hum_label_grid_nagoya_000000000379.tif,sca_label_grid_nagoya_000000000379.tif
grid_nagoya_000000000284.tif,hum_label_grid_nagoya_000000000284.tif,sca_label_grid_nagoya_000000000284.tif
grid_nagoya_000000000600.tif,hum_label_grid_nagoya_000000000600.tif,sca_label_grid_nagoya_000000000600.tif
grid_nagoya_000000000755.tif,hum_label_grid_nagoya_000000000755.tif,sca_label_grid_nagoya_000000000755.tif
grid_nagoya_000000000198.tif,hum_label_grid_nagoya_000000000198.tif,sca_label_grid_nagoya_000000000198.tif
grid_nagoya_000000000207.tif,hum_label_grid_nagoya_000000000207.tif,sca_label_grid_nagoya_000000000207.tif
grid_nagoya_000000000275.tif,hum_label_grid_nagoya_000000000275.tif,sca_label_grid_nagoya_000000000275.tif
grid_nagoya_000000000413.tif,hum_label_grid_nagoya_000000000413.tif,sca_label_grid_nagoya_000000000413.tif
grid_nagoya_000000000294.tif,hum_label_grid_nagoya_000000000294.tif,sca_label_grid_nagoya_000000000294.tif
grid_nagoya_000000000215.tif,hum_label_grid_nagoya_000000000215.tif,sca_label_grid_nagoya_000000000215.tif
grid_nagoya_000000000660.tif,hum_label_grid_nagoya_000000000660.tif,sca_label_grid_nagoya_000000000660.tif
grid_nagoya_000000000649.tif,hum_label_grid_nagoya_000000000649.tif,sca_label_grid_nagoya_000000000649.tif
grid_nagoya_000000000740.tif,hum_label_grid_nagoya_000000000740.tif,sca_label_grid_nagoya_000000000740.tif
grid_nagoya_000000000268.tif,hum_label_grid_nagoya_000000000268.tif,sca_label_grid_nagoya_000000000268.tif
grid_nagoya_000000000470.tif,hum_label_grid_nagoya_000000000470.tif,sca_label_grid_nagoya_000000000470.tif
grid_nagoya_000000000132.tif,hum_label_grid_nagoya_000000000132.tif,sca_label_grid_nagoya_000000000132.tif
grid_nagoya_000000000026.tif,hum_label_grid_nagoya_000000000026.tif,sca_label_grid_nagoya_000000000026.tif
grid_nagoya_000000000299.tif,hum_label_grid_nagoya_000000000299.tif,sca_label_grid_nagoya_000000000299.tif
grid_nagoya_000000000341.tif,hum_label_grid_nagoya_000000000341.tif,sca_label_grid_nagoya_000000000341.tif
grid_nagoya_000000000640.tif,hum_label_grid_nagoya_000000000640.tif,sca_label_grid_nagoya_000000000640.tif
grid_nagoya_000000000817.tif,hum_label_grid_nagoya_000000000817.tif,sca_label_grid_nagoya_000000000817.tif
grid_nagoya_000000000415.tif,hum_label_grid_nagoya_000000000415.tif,sca_label_grid_nagoya_000000000415.tif
grid_nagoya_000000000277.tif,hum_label_grid_nagoya_000000000277.tif,sca_label_grid_nagoya_000000000277.tif
grid_nagoya_000000000178.tif,hum_label_grid_nagoya_000000000178.tif,sca_label_grid_nagoya_000000000178.tif
grid_nagoya_000000000476.tif,hum_label_grid_nagoya_000000000476.tif,sca_label_grid_nagoya_000000000476.tif
grid_nagoya_000000000801.tif,hum_label_grid_nagoya_000000000801.tif,sca_label_grid_nagoya_000000000801.tif
grid_nagoya_000000000783.tif,hum_label_grid_nagoya_000000000783.tif,sca_label_grid_nagoya_000000000783.tif
grid_nagoya_000000000714.tif,hum_label_grid_nagoya_000000000714.tif,sca_label_grid_nagoya_000000000714.tif
grid_nagoya_000000000612.tif,hum_label_grid_nagoya_000000000612.tif,sca_label_grid_nagoya_000000000612.tif
grid_nagoya_000000000447.tif,hum_label_grid_nagoya_000000000447.tif,sca_label_grid_nagoya_000000000447.tif
grid_nagoya_000000000550.tif,hum_label_grid_nagoya_000000000550.tif,sca_label_grid_nagoya_000000000550.tif
grid_nagoya_000000000488.tif,hum_label_grid_nagoya_000000000488.tif,sca_label_grid_nagoya_000000000488.tif
grid_nagoya_000000000788.tif,hum_label_grid_nagoya_000000000788.tif,sca_label_grid_nagoya_000000000788.tif
grid_nagoya_000000000165.tif,hum_label_grid_nagoya_000000000165.tif,sca_label_grid_nagoya_000000000165.tif
grid_nagoya_000000000273.tif,hum_label_grid_nagoya_000000000273.tif,sca_label_grid_nagoya_000000000273.tif
grid_nagoya_000000000218.tif,hum_label_grid_nagoya_000000000218.tif,sca_label_grid_nagoya_000000000218.tif
grid_nagoya_000000000008.tif,hum_label_grid_nagoya_000000000008.tif,sca_label_grid_nagoya_000000000008.tif
grid_nagoya_000000000136.tif,hum_label_grid_nagoya_000000000136.tif,sca_label_grid_nagoya_000000000136.tif
grid_nagoya_000000000370.tif,hum_label_grid_nagoya_000000000370.tif,sca_label_grid_nagoya_000000000370.tif
grid_nagoya_000000000066.tif,hum_label_grid_nagoya_000000000066.tif,sca_label_grid_nagoya_000000000066.tif
grid_nagoya_000000000403.tif,hum_label_grid_nagoya_000000000403.tif,sca_label_grid_nagoya_000000000403.tif
grid_nagoya_000000000515.tif,hum_label_grid_nagoya_000000000515.tif,sca_label_grid_nagoya_000000000515.tif
grid_nagoya_000000000105.tif,hum_label_grid_nagoya_000000000105.tif,sca_label_grid_nagoya_000000000105.tif
grid_nagoya_000000000477.tif,hum_label_grid_nagoya_000000000477.tif,sca_label_grid_nagoya_000000000477.tif
grid_nagoya_000000000555.tif,hum_label_grid_nagoya_000000000555.tif,sca_label_grid_nagoya_000000000555.tif
grid_nagoya_000000000609.tif,hum_label_grid_nagoya_000000000609.tif,sca_label_grid_nagoya_000000000609.tif
grid_nagoya_000000000773.tif,hum_label_grid_nagoya_000000000773.tif,sca_label_grid_nagoya_000000000773.tif
grid_nagoya_000000000533.tif,hum_label_grid_nagoya_000000000533.tif,sca_label_grid_nagoya_000000000533.tif
grid_nagoya_000000000416.tif,hum_label_grid_nagoya_000000000416.tif,sca_label_grid_nagoya_000000000416.tif
grid_nagoya_000000000393.tif,hum_label_grid_nagoya_000000000393.tif,sca_label_grid_nagoya_000000000393.tif
grid_nagoya_000000000109.tif,hum_label_grid_nagoya_000000000109.tif,sca_label_grid_nagoya_000000000109.tif
grid_nagoya_000000000182.tif,hum_label_grid_nagoya_000000000182.tif,sca_label_grid_nagoya_000000000182.tif
grid_nagoya_000000000806.tif,hum_label_grid_nagoya_000000000806.tif,sca_label_grid_nagoya_000000000806.tif
grid_nagoya_000000000418.tif,hum_label_grid_nagoya_000000000418.tif,sca_label_grid_nagoya_000000000418.tif
grid_nagoya_000000000135.tif,hum_label_grid_nagoya_000000000135.tif,sca_label_grid_nagoya_000000000135.tif
grid_nagoya_000000000709.tif,hum_label_grid_nagoya_000000000709.tif,sca_label_grid_nagoya_000000000709.tif
grid_nagoya_000000000141.tif,hum_label_grid_nagoya_000000000141.tif,sca_label_grid_nagoya_000000000141.tif
grid_nagoya_000000000169.tif,hum_label_grid_nagoya_000000000169.tif,sca_label_grid_nagoya_000000000169.tif
grid_nagoya_000000000356.tif,hum_label_grid_nagoya_000000000356.tif,sca_label_grid_nagoya_000000000356.tif
grid_nagoya_000000000618.tif,hum_label_grid_nagoya_000000000618.tif,sca_label_grid_nagoya_000000000618.tif
grid_nagoya_000000000007.tif,hum_label_grid_nagoya_000000000007.tif,sca_label_grid_nagoya_000000000007.tif
grid_nagoya_000000000517.tif,hum_label_grid_nagoya_000000000517.tif,sca_label_grid_nagoya_000000000517.tif
grid_nagoya_000000000525.tif,hum_label_grid_nagoya_000000000525.tif,sca_label_grid_nagoya_000000000525.tif
grid_nagoya_000000000631.tif,hum_label_grid_nagoya_000000000631.tif,sca_label_grid_nagoya_000000000631.tif
grid_nagoya_000000000410.tif,hum_label_grid_nagoya_000000000410.tif,sca_label_grid_nagoya_000000000410.tif
grid_nagoya_000000000700.tif,hum_label_grid_nagoya_000000000700.tif,sca_label_grid_nagoya_000000000700.tif
grid_nagoya_000000000327.tif,hum_label_grid_nagoya_000000000327.tif,sca_label_grid_nagoya_000000000327.tif
grid_nagoya_000000000063.tif,hum_label_grid_nagoya_000000000063.tif,sca_label_grid_nagoya_000000000063.tif
grid_nagoya_000000000205.tif,hum_label_grid_nagoya_000000000205.tif,sca_label_grid_nagoya_000000000205.tif
grid_nagoya_000000000242.tif,hum_label_grid_nagoya_000000000242.tif,sca_label_grid_nagoya_000000000242.tif
grid_nagoya_000000000520.tif,hum_label_grid_nagoya_000000000520.tif,sca_label_grid_nagoya_000000000520.tif
grid_nagoya_000000000112.tif,hum_label_grid_nagoya_000000000112.tif,sca_label_grid_nagoya_000000000112.tif
grid_nagoya_000000000548.tif,hum_label_grid_nagoya_000000000548.tif,sca_label_grid_nagoya_000000000548.tif
grid_nagoya_000000000751.tif,hum_label_grid_nagoya_000000000751.tif,sca_label_grid_nagoya_000000000751.tif
grid_nagoya_000000000307.tif,hum_label_grid_nagoya_000000000307.tif,sca_label_grid_nagoya_000000000307.tif
grid_nagoya_000000000459.tif,hum_label_grid_nagoya_000000000459.tif,sca_label_grid_nagoya_000000000459.tif
grid_nagoya_000000000120.tif,hum_label_grid_nagoya_000000000120.tif,sca_label_grid_nagoya_000000000120.tif
grid_nagoya_000000000683.tif,hum_label_grid_nagoya_000000000683.tif,sca_label_grid_nagoya_000000000683.tif
grid_nagoya_000000000328.tif,hum_label_grid_nagoya_000000000328.tif,sca_label_grid_nagoya_000000000328.tif
grid_nagoya_000000000267.tif,hum_label_grid_nagoya_000000000267.tif,sca_label_grid_nagoya_000000000267.tif
grid_nagoya_000000000281.tif,hum_label_grid_nagoya_000000000281.tif,sca_label_grid_nagoya_000000000281.tif
grid_nagoya_000000000604.tif,hum_label_grid_nagoya_000000000604.tif,sca_label_grid_nagoya_000000000604.tif
grid_nagoya_000000000685.tif,hum_label_grid_nagoya_000000000685.tif,sca_label_grid_nagoya_000000000685.tif
grid_nagoya_000000000689.tif,hum_label_grid_nagoya_000000000689.tif,sca_label_grid_nagoya_000000000689.tif
grid_nagoya_000000000297.tif,hum_label_grid_nagoya_000000000297.tif,sca_label_grid_nagoya_000000000297.tif
grid_nagoya_000000000538.tif,hum_label_grid_nagoya_000000000538.tif,sca_label_grid_nagoya_000000000538.tif
grid_nagoya_000000000179.tif,hum_label_grid_nagoya_000000000179.tif,sca_label_grid_nagoya_000000000179.tif
grid_nagoya_000000000419.tif,hum_label_grid_nagoya_000000000419.tif,sca_label_grid_nagoya_000000000419.tif
grid_nagoya_000000000436.tif,hum_label_grid_nagoya_000000000436.tif,sca_label_grid_nagoya_000000000436.tif
grid_nagoya_000000000798.tif,hum_label_grid_nagoya_000000000798.tif,sca_label_grid_nagoya_000000000798.tif
grid_nagoya_000000000650.tif,hum_label_grid_nagoya_000000000650.tif,sca_label_grid_nagoya_000000000650.tif
grid_nagoya_000000000201.tif,hum_label_grid_nagoya_000000000201.tif,sca_label_grid_nagoya_000000000201.tif
grid_nagoya_000000000254.tif,hum_label_grid_nagoya_000000000254.tif,sca_label_grid_nagoya_000000000254.tif
grid_nagoya_000000000440.tif,hum_label_grid_nagoya_000000000440.tif,sca_label_grid_nagoya_000000000440.tif
grid_nagoya_000000000259.tif,hum_label_grid_nagoya_000000000259.tif,sca_label_grid_nagoya_000000000259.tif
grid_nagoya_000000000597.tif,hum_label_grid_nagoya_000000000597.tif,sca_label_grid_nagoya_000000000597.tif
grid_nagoya_000000000062.tif,hum_label_grid_nagoya_000000000062.tif,sca_label_grid_nagoya_000000000062.tif
grid_nagoya_000000000195.tif,hum_label_grid_nagoya_000000000195.tif,sca_label_grid_nagoya_000000000195.tif
grid_nagoya_000000000079.tif,hum_label_grid_nagoya_000000000079.tif,sca_label_grid_nagoya_000000000079.tif
grid_nagoya_000000000161.tif,hum_label_grid_nagoya_000000000161.tif,sca_label_grid_nagoya_000000000161.tif
grid_nagoya_000000000345.tif,hum_label_grid_nagoya_000000000345.tif,sca_label_grid_nagoya_000000000345.tif
grid_nagoya_000000000093.tif,hum_label_grid_nagoya_000000000093.tif,sca_label_grid_nagoya_000000000093.tif
grid_nagoya_000000000778.tif,hum_label_grid_nagoya_000000000778.tif,sca_label_grid_nagoya_000000000778.tif
grid_nagoya_000000000441.tif,hum_label_grid_nagoya_000000000441.tif,sca_label_grid_nagoya_000000000441.tif
grid_nagoya_000000000258.tif,hum_label_grid_nagoya_000000000258.tif,sca_label_grid_nagoya_000000000258.tif
grid_nagoya_000000000577.tif,hum_label_grid_nagoya_000000000577.tif,sca_label_grid_nagoya_000000000577.tif
grid_nagoya_000000000439.tif,hum_label_grid_nagoya_000000000439.tif,sca_label_grid_nagoya_000000000439.tif
grid_nagoya_000000000691.tif,hum_label_grid_nagoya_000000000691.tif,sca_label_grid_nagoya_000000000691.tif
grid_nagoya_000000000506.tif,hum_label_grid_nagoya_000000000506.tif,sca_label_grid_nagoya_000000000506.tif
grid_nagoya_000000000271.tif,hum_label_grid_nagoya_000000000271.tif,sca_label_grid_nagoya_000000000271.tif
grid_nagoya_000000000333.tif,hum_label_grid_nagoya_000000000333.tif,sca_label_grid_nagoya_000000000333.tif
